number_of_rounds,best_iteration,best_ntreelimit,eta,gamma,max_depth,error
0,0,0,0,0,0,0
100,1,1,0.001,1,2,0.2802487
100,1,1,0.001,1,4,0.280044
100,12,12,0.001,1,6,0.2757886
100,1,1,0.001,1,10,0.2719031
100,99,99,0.001,1,20,0.26470689999999997
100,1,1,0.001,5,2,0.2802486
100,7,7,0.001,5,4,0.2801977
100,12,12,0.001,5,6,0.2758239
100,6,6,0.001,5,10,0.2712377
100,81,81,0.001,5,20,0.2614594
100,1,1,0.001,20,2,0.2802485
100,1,1,0.001,20,4,0.2802486
100,9,9,0.001,20,6,0.27565850000000003
100,6,6,0.001,20,10,0.2712595
100,1,1,0.001,20,20,0.2619022
100,1,1,0.001,50,2,0.2802487
100,1,1,0.001,50,4,0.2801876
100,1,1,0.001,50,6,0.2756862
100,3,3,0.001,50,10,0.2719996
100,3,3,0.001,50,20,0.2628784
100,1,1,0.001,100,2,0.2802488
100,1,1,0.001,100,4,0.2802485
100,1,1,0.001,100,6,0.2756941
100,1,1,0.001,100,10,0.2717672
100,1,1,0.001,100,20,0.26465
100,1,1,0.003,1,2,0.2802486
100,1,1,0.003,1,4,0.280158
100,1,1,0.003,1,6,0.27574719999999997
100,1,1,0.003,1,10,0.2716491
100,65,65,0.003,1,20,0.2646734
100,1,1,0.003,5,2,0.2802485
100,1,1,0.003,5,4,0.2802544
100,1,1,0.003,5,6,0.275767
100,9,9,0.003,5,10,0.2716432
100,71,71,0.003,5,20,0.2612293
100,1,1,0.003,20,2,0.2802485
100,1,1,0.003,20,4,0.2802211
100,3,3,0.003,20,6,0.2757097
100,1,1,0.003,20,10,0.2713224
100,31,31,0.003,20,20,0.2620163
100,1,1,0.003,50,2,0.2802487
100,1,1,0.003,50,4,0.2802152
100,4,4,0.003,50,6,0.2757313
100,1,1,0.003,50,10,0.2716492
100,1,1,0.003,50,20,0.2627742
100,1,1,0.003,100,2,0.2802486
100,1,1,0.003,100,4,0.2802488
100,1,1,0.003,100,6,0.2753614
100,1,1,0.003,100,10,0.2721807
100,1,1,0.003,100,20,0.2647463
100,1,1,0.005,1,2,0.2802486
100,1,1,0.005,1,4,0.2802525
100,9,9,0.005,1,6,0.2757195
100,4,4,0.005,1,10,0.2711374
100,99,99,0.005,1,20,0.2637939
100,1,1,0.005,5,2,0.2802486
100,4,4,0.005,5,4,0.2802526
100,33,33,0.005,5,6,0.2756723
100,1,1,0.005,5,10,0.2705883
100,99,99,0.005,5,20,0.26092
100,1,1,0.005,20,2,0.2802486
100,1,1,0.005,20,4,0.2800518
100,40,40,0.005,20,6,0.2756764
100,1,1,0.005,20,10,0.26983029999999997
100,13,13,0.005,20,20,0.26168769999999997
100,1,1,0.005,50,2,0.2802486
100,1,1,0.005,50,4,0.2802487
100,1,1,0.005,50,6,0.2757079
100,6,6,0.005,50,10,0.2718065
100,5,5,0.005,50,20,0.2627289
100,1,1,0.005,100,2,0.2802487
100,1,1,0.005,100,4,0.2802485
100,1,1,0.005,100,6,0.2757078
100,1,1,0.005,100,10,0.2714602
100,2,2,0.005,100,20,0.2647269
100,1,1,0.01,1,2,0.2802486
100,4,4,0.01,1,4,0.2802527
100,43,43,0.01,1,6,0.2755739
100,63,63,0.01,1,10,0.2692322
100,38,38,0.01,1,20,0.2636933
100,1,1,0.01,5,2,0.2802486
100,9,9,0.01,5,4,0.2802488
100,26,26,0.01,5,6,0.275631
100,1,1,0.01,5,10,0.2710685
100,96,96,0.01,5,20,0.2606524
100,1,1,0.01,20,2,0.2802488
100,1,1,0.01,20,4,0.2802488
100,31,31,0.01,20,6,0.2756389
100,1,1,0.01,20,10,0.2711728
100,9,9,0.01,20,20,0.261922
100,1,1,0.01,50,2,0.2802485
100,1,1,0.01,50,4,0.2802349
100,1,1,0.01,50,6,0.2757847
100,1,1,0.01,50,10,0.271409
100,3,3,0.01,50,20,0.2626777
100,1,1,0.01,100,2,0.2802487
100,1,1,0.01,100,4,0.2802485
100,3,3,0.01,100,6,0.2757568
100,1,1,0.01,100,10,0.2719582
100,2,2,0.01,100,20,0.2646501
100,1,1,0.03,1,2,0.2802486
100,8,8,0.03,1,4,0.2802485
100,17,17,0.03,1,6,0.2755051
100,20,20,0.03,1,10,0.2693385
100,82,82,0.03,1,20,0.2623627
100,1,1,0.03,5,2,0.2802487
100,3,3,0.03,5,4,0.2802487
100,14,14,0.03,5,6,0.2756272
100,20,20,0.03,5,10,0.2686947
100,65,65,0.03,5,20,0.260371
100,1,1,0.03,20,2,0.2802486
100,1,1,0.03,20,4,0.2802113
100,9,9,0.03,20,6,0.275639
100,19,19,0.03,20,10,0.2693698
100,1,1,0.03,20,20,0.2618707
100,1,1,0.03,50,2,0.2802487
100,1,1,0.03,50,4,0.2802487
100,16,16,0.03,50,6,0.2755994
100,18,18,0.03,50,10,0.2704093
100,4,4,0.03,50,20,0.2626757
100,1,1,0.03,100,2,0.2802485
100,1,1,0.03,100,4,0.2802488
100,1,1,0.03,100,6,0.2757884
100,1,1,0.03,100,10,0.27155070000000003
100,1,1,0.03,100,20,0.2646224
100,1,1,0.05,1,2,0.2802487
100,1,1,0.05,1,4,0.2802035
100,7,7,0.05,1,6,0.2755681
100,7,7,0.05,1,10,0.2694978
100,57,57,0.05,1,20,0.2624298
100,1,1,0.05,5,2,0.2802487
100,5,5,0.05,5,4,0.2802485
100,8,8,0.05,5,6,0.2756369
100,13,13,0.05,5,10,0.2692047
100,49,49,0.05,5,20,0.2603985
100,1,1,0.05,20,2,0.2802485
100,1,1,0.05,20,4,0.2802487
100,9,9,0.05,20,6,0.275696
100,13,13,0.05,20,10,0.26952940000000003
100,16,16,0.05,20,20,0.2617486
100,1,1,0.05,50,2,0.2802488
100,1,1,0.05,50,4,0.28024879999999996
100,8,8,0.05,50,6,0.2756703
100,7,7,0.05,50,10,0.2703381
100,3,3,0.05,50,20,0.26278809999999997
100,1,1,0.05,100,2,0.2802487
100,1,1,0.05,100,4,0.2802485
100,1,1,0.05,100,6,0.2757315
100,41,41,0.05,100,10,0.2701768
100,1,1,0.05,100,20,0.2645654
100,1,1,0.1,1,2,0.2802487
100,100,100,0.1,1,4,0.269858
100,3,3,0.1,1,6,0.27575689999999997
100,94,94,0.1,1,10,0.2620499
100,18,18,0.1,1,20,0.2627999
100,1,1,0.1,5,2,0.2802486
100,100,100,0.1,5,4,0.2699269
100,4,4,0.1,5,6,0.2756232
100,99,99,0.1,5,10,0.2619161
100,22,22,0.1,5,20,0.2603631
100,1,1,0.1,20,2,0.2802486
100,100,100,0.1,20,4,0.2701415
100,3,3,0.1,20,6,0.2756605
100,74,74,0.1,20,10,0.2639315
100,10,10,0.1,20,20,0.2615184
100,1,1,0.1,50,2,0.2802486
100,85,85,0.1,50,4,0.2714641
100,3,3,0.1,50,6,0.2757275
100,4,4,0.1,50,10,0.2702085
100,1,1,0.1,50,20,0.2628018
100,1,1,0.1,100,2,0.2802486
100,28,28,0.1,100,4,0.2769044
100,1,1,0.1,100,6,0.275749
100,24,24,0.1,100,10,0.2699189
100,4,4,0.1,100,20,0.26460859999999997
500,1,1,0.001,1,2,0.2802486
500,1,1,0.001,1,4,0.2799634
500,2,2,0.001,1,6,0.27577450000000003
500,1,1,0.001,1,10,0.27112179999999997
500,1,1,0.001,1,20,0.2650415
500,1,1,0.001,5,2,0.2802485
500,1,1,0.001,5,4,0.2801089
500,7,7,0.001,5,6,0.2758044
500,1,1,0.001,5,10,0.2712279
500,39,39,0.001,5,20,0.2617804
500,1,1,0.001,20,2,0.28024879999999996
500,1,1,0.001,20,4,0.2802486
500,2,2,0.001,20,6,0.2757749
500,1,1,0.001,20,10,0.2710842
500,1,1,0.001,20,20,0.2621503
500,1,1,0.001,50,2,0.2802486
500,1,1,0.001,50,4,0.2802486
500,1,1,0.001,50,6,0.275763
500,1,1,0.001,50,10,0.2713027
500,7,7,0.001,50,20,0.26280159999999997
500,1,1,0.001,100,2,0.2802485
500,1,1,0.001,100,4,0.2802486
500,1,1,0.001,100,6,0.2757037
500,2,2,0.001,100,10,0.2725112
500,1,1,0.001,100,20,0.2648783
500,1,1,0.003,1,2,0.2802487
500,1,1,0.003,1,4,0.28025659999999997
500,18,18,0.003,1,6,0.2756744
500,1,1,0.003,1,10,0.2712989
500,49,49,0.003,1,20,0.2646519
500,1,1,0.003,5,2,0.2802486
500,10,10,0.003,5,4,0.2802546
500,4,4,0.003,5,6,0.2757434
500,3,3,0.003,5,10,0.2710784
500,41,41,0.003,5,20,0.2618648
500,1,1,0.003,20,2,0.2802486
500,1,1,0.003,20,4,0.2802485
500,18,18,0.003,20,6,0.2756704
500,1,1,0.003,20,10,0.270785
500,1,1,0.003,20,20,0.2621228
500,1,1,0.003,50,2,0.2802487
500,1,1,0.003,50,4,0.2802487
500,15,15,0.003,50,6,0.2757628
500,1,1,0.003,50,10,0.2712792
500,1,1,0.003,50,20,0.2628924
500,1,1,0.003,100,2,0.2802485
500,1,1,0.003,100,4,0.2802486
500,1,1,0.003,100,6,0.2757314
500,1,1,0.003,100,10,0.2722969
500,31,31,0.003,100,20,0.2645142
500,1,1,0.005,1,2,0.2802488
500,1,1,0.005,1,4,0.2802507
500,13,13,0.005,1,6,0.275749
500,1,1,0.005,1,10,0.2716748
500,193,193,0.005,1,20,0.2630516
500,1,1,0.005,5,2,0.2802487
500,1,1,0.005,5,4,0.2800558
500,1,1,0.005,5,6,0.2756941
500,2,2,0.005,5,10,0.2702381
500,71,71,0.005,5,20,0.2611248
500,1,1,0.005,20,2,0.2802486
500,1,1,0.005,20,4,0.280111
500,39,39,0.005,20,6,0.2756663
500,8,8,0.005,20,10,0.2708993
500,6,6,0.005,20,20,0.2618137
500,1,1,0.005,50,2,0.2802486
500,1,1,0.005,50,4,0.2802033
500,1,1,0.005,50,6,0.2757195
500,1,1,0.005,50,10,0.2716117
500,14,14,0.005,50,20,0.26258329999999996
500,1,1,0.005,100,2,0.2802487
500,1,1,0.005,100,4,0.2802486
500,6,6,0.005,100,6,0.2757157
500,2,2,0.005,100,10,0.2721923
500,41,41,0.005,100,20,0.2645535
500,1,1,0.01,1,2,0.2802486
500,5,5,0.01,1,4,0.2802507
500,20,20,0.01,1,6,0.2756409
500,13,13,0.01,1,10,0.27113740000000003
500,111,111,0.01,1,20,0.2631404
500,1,1,0.01,5,2,0.2802486
500,1,1,0.01,5,4,0.2802527
500,32,32,0.01,5,6,0.275623
500,13,13,0.01,5,10,0.2705076
500,42,42,0.01,5,20,0.260985
500,1,1,0.01,20,2,0.2802488
500,1,1,0.01,20,4,0.2799986
500,1,1,0.01,20,6,0.2757177
500,2,2,0.01,20,10,0.2707673
500,46,46,0.01,20,20,0.2618884
500,1,1,0.01,50,2,0.2802485
500,1,1,0.01,50,4,0.2802034
500,1,1,0.01,50,6,0.2757512
500,2,2,0.01,50,10,0.2719916
500,7,7,0.01,50,20,0.2627958
500,1,1,0.01,100,2,0.2802486
500,1,1,0.01,100,4,0.2802486
500,5,5,0.01,100,6,0.2757629
500,1,1,0.01,100,10,0.2720171
500,1,1,0.01,100,20,0.2644434
500,1,1,0.03,1,2,0.2802486
500,1,1,0.03,1,4,0.2799534
500,15,15,0.03,1,6,0.2756214
500,21,21,0.03,1,10,0.2691218
500,89,89,0.03,1,20,0.2623115
500,1,1,0.03,5,2,0.2802487
500,1,1,0.03,5,4,0.2802054
500,18,18,0.03,5,6,0.275505
500,20,20,0.03,5,10,0.2689527
500,47,47,0.03,5,20,0.2606408
500,1,1,0.03,20,2,0.2802487
500,1,1,0.03,20,4,0.2802486
500,15,15,0.03,20,6,0.2755543
500,21,21,0.03,20,10,0.2692952
500,1,1,0.03,20,20,0.2617271
500,1,1,0.03,50,2,0.2802487
500,1,1,0.03,50,4,0.28024879999999996
500,17,17,0.03,50,6,0.2755976
500,18,18,0.03,50,10,0.269856
500,5,5,0.03,50,20,0.2627525
500,1,1,0.03,100,2,0.2802485
500,1,1,0.03,100,4,0.2802486
500,3,3,0.03,100,6,0.2757255
500,15,15,0.03,100,10,0.2713559
500,3,3,0.03,100,20,0.264648
500,1,1,0.05,1,2,0.2802487
500,4,4,0.05,1,4,0.27995939999999997
500,9,9,0.05,1,6,0.2756172
500,13,13,0.05,1,10,0.2694033
500,38,38,0.05,1,20,0.2625637
500,1,1,0.05,5,2,0.2802485
500,4,4,0.05,5,4,0.2802368
500,9,9,0.05,5,6,0.2755228
500,13,13,0.05,5,10,0.2692716
500,43,43,0.05,5,20,0.2604319
500,1,1,0.05,20,2,0.2802485
500,1,1,0.05,20,4,0.2802487
500,9,9,0.05,20,6,0.2756232
500,133,133,0.05,20,10,0.264083
500,19,19,0.05,20,20,0.2616366
500,1,1,0.05,50,2,0.2802487
500,1,1,0.05,50,4,0.2801975
500,9,9,0.05,50,6,0.27565459999999997
500,13,13,0.05,50,10,0.2701434
500,3,3,0.05,50,20,0.2624946
500,1,1,0.05,100,2,0.2802486
500,1,1,0.05,100,4,0.2799927
500,1,1,0.05,100,6,0.2756802
500,40,40,0.05,100,10,0.2703147
500,1,1,0.05,100,20,0.2646106
500,1,1,0.1,1,2,0.2802486
500,486,486,0.1,1,4,0.2624886
500,2,2,0.1,1,6,0.2756802
500,156,156,0.1,1,10,0.2614259
500,29,29,0.1,1,20,0.26251230000000003
500,1,1,0.1,5,2,0.2802487
500,26,26,0.1,5,4,0.2760247
500,3,3,0.1,5,6,0.27565660000000003
500,171,171,0.1,5,10,0.2611759
500,18,18,0.1,5,20,0.26028039999999997
500,1,1,0.1,20,2,0.2802486
500,1,1,0.1,20,4,0.27987070000000003
500,3,3,0.1,20,6,0.2756487
500,103,103,0.1,20,10,0.263652
500,11,11,0.1,20,20,0.26170329999999997
500,1,1,0.1,50,2,0.2802486
500,85,85,0.1,50,4,0.2718756
500,1,1,0.1,50,6,0.2757352
500,5,5,0.1,50,10,0.2702929
500,1,1,0.1,50,20,0.26280159999999997
500,1,1,0.1,100,2,0.2802484
500,35,35,0.1,100,4,0.2769026
500,1,1,0.1,100,6,0.2757137
500,21,21,0.1,100,10,0.2701966
500,1,1,0.1,100,20,0.2645004
1e3,1,1,0.001,1,2,0.2802486
1e3,1,1,0.001,1,4,0.2802507
1e3,1,1,0.001,1,6,0.2757964
1e3,2,2,0.001,1,10,0.2712949
1e3,2,2,0.001,1,20,0.2651165
1e3,1,1,0.001,5,2,0.2802486
1e3,1,1,0.001,5,4,0.2802486
1e3,1,1,0.001,5,6,0.2757609
1e3,7,7,0.001,5,10,0.2708854
1e3,73,73,0.001,5,20,0.2616877
1e3,1,1,0.001,20,2,0.2802486
1e3,1,1,0.001,20,4,0.2802487
1e3,3,3,0.001,20,6,0.2757588
1e3,1,1,0.001,20,10,0.2708854
1e3,3,3,0.001,20,20,0.2619672
1e3,1,1,0.001,50,2,0.2802486
1e3,1,1,0.001,50,4,0.2802486
1e3,1,1,0.001,50,6,0.2757036
1e3,1,1,0.001,50,10,0.2711984
1e3,3,3,0.001,50,20,0.2626895
1e3,1,1,0.001,100,2,0.2802486
1e3,1,1,0.001,100,4,0.2802486
1e3,1,1,0.001,100,6,0.2755682
1e3,1,1,0.001,100,10,0.27154100000000003
1e3,6,6,0.001,100,20,0.2647446
1e3,1,1,0.003,1,2,0.2802485
1e3,2,2,0.003,1,4,0.2802487
1e3,57,57,0.003,1,6,0.2756388
1e3,2,2,0.003,1,10,0.2713815
1e3,197,197,0.003,1,20,0.263782
1e3,1,1,0.003,5,2,0.2802486
1e3,1,1,0.003,5,4,0.2802526
1e3,7,7,0.003,5,6,0.2756862
1e3,1,1,0.003,5,10,0.2704308
1e3,107,107,0.003,5,20,0.2610381
1e3,1,1,0.003,20,2,0.2802488
1e3,1,1,0.003,20,4,0.2802485
1e3,1,1,0.003,20,6,0.2757452
1e3,8,8,0.003,20,10,0.2709426
1e3,41,41,0.003,20,20,0.2619986
1e3,1,1,0.003,50,2,0.2802486
1e3,1,1,0.003,50,4,0.2802487
1e3,1,1,0.003,50,6,0.2757195
1e3,1,1,0.003,50,10,0.2714404
1e3,31,31,0.003,50,20,0.2626462
1e3,1,1,0.003,100,2,0.2802486
1e3,1,1,0.003,100,4,0.2802486
1e3,1,1,0.003,100,6,0.2757629
1e3,2,2,0.003,100,10,0.2718951
1e3,1,1,0.003,100,20,0.2646677
1e3,1,1,0.005,1,2,0.2802487
1e3,17,17,0.005,1,4,0.2802486
1e3,93,93,0.005,1,6,0.2756192
1e3,1,1,0.005,1,10,0.2715528
1e3,49,49,0.005,1,20,0.2640555
1e3,1,1,0.005,5,2,0.2802485
1e3,7,7,0.005,5,4,0.2802486
1e3,1,1,0.005,5,6,0.2757038
1e3,1,1,0.005,5,10,0.2704663
1e3,55,55,0.005,5,20,0.2611112
1e3,1,1,0.005,20,2,0.2802487
1e3,1,1,0.005,20,4,0.2802486
1e3,67,67,0.005,20,6,0.2756212
1e3,4,4,0.005,20,10,0.2706531
1e3,2,2,0.005,20,20,0.2619159
1e3,1,1,0.005,50,2,0.2802487
1e3,1,1,0.005,50,4,0.2802487
1e3,2,2,0.005,50,6,0.2756824
1e3,8,8,0.005,50,10,0.2716944
1e3,5,5,0.005,50,20,0.262772
1e3,1,1,0.005,100,2,0.2802487
1e3,1,1,0.005,100,4,0.2802487
1e3,1,1,0.005,100,6,0.2757866
1e3,1,1,0.005,100,10,0.2723164
1e3,1,1,0.005,100,20,0.2649965
1e3,1,1,0.01,1,2,0.2802486
1e3,14,14,0.01,1,4,0.2802486
1e3,46,46,0.01,1,6,0.2755739
1e3,20,20,0.01,1,10,0.27033240000000003
1e3,136,136,0.01,1,20,0.2628647
1e3,1,1,0.01,5,2,0.2802486
1e3,1,1,0.01,5,4,0.2802526
1e3,1,1,0.01,5,6,0.2757235
1e3,26,26,0.01,5,10,0.2699349
1e3,62,62,0.01,5,20,0.2609593
1e3,1,1,0.01,20,2,0.2802488
1e3,1,1,0.01,20,4,0.2802269
1e3,27,27,0.01,20,6,0.2756568
1e3,1,1,0.01,20,10,0.2714837
1e3,69,69,0.01,20,20,0.2617132
1e3,1,1,0.01,50,2,0.2802486
1e3,1,1,0.01,50,4,0.2802486
1e3,1,1,0.01,50,6,0.2757039
1e3,1,1,0.01,50,10,0.2718068
1e3,1,1,0.01,50,20,0.2626599
1e3,1,1,0.01,100,2,0.2802486
1e3,1,1,0.01,100,4,0.2802152
1e3,1,1,0.01,100,6,0.2757078
1e3,1,1,0.01,100,10,0.2718994
1e3,1,1,0.01,100,20,0.2645613
1e3,1,1,0.03,1,2,0.2802485
1e3,5,5,0.03,1,4,0.2802487
1e3,1,1,0.03,1,6,0.27535160000000003
1e3,20,20,0.03,1,10,0.2688995
1e3,91,91,0.03,1,20,0.26231170000000004
1e3,1,1,0.03,5,2,0.2802487
1e3,5,5,0.03,5,4,0.2802486
1e3,12,12,0.03,5,6,0.2756269
1e3,20,20,0.03,5,10,0.2688364
1e3,53,53,0.03,5,20,0.2604516
1e3,1,1,0.03,20,2,0.2802483
1e3,1,1,0.03,20,4,0.2802487
1e3,8,8,0.03,20,6,0.2752157
1e3,21,21,0.03,20,10,0.2693188
1e3,33,33,0.03,20,20,0.2615146
1e3,1,1,0.03,50,2,0.2802487
1e3,1,1,0.03,50,4,0.2802487
1e3,15,15,0.03,50,6,0.2756725
1e3,19,19,0.03,50,10,0.2704546
1e3,1,1,0.03,50,20,0.262723
1e3,1,1,0.03,100,2,0.2802487
1e3,1,1,0.03,100,4,0.2802486
1e3,4,4,0.03,100,6,0.2757176
1e3,7,7,0.03,100,10,0.2712535
1e3,3,3,0.03,100,20,0.2646085
1e3,1,1,0.05,1,2,0.2802486
1e3,2,2,0.05,1,4,0.2802487
1e3,9,9,0.05,1,6,0.275627
1e3,13,13,0.05,1,10,0.269173
1e3,51,51,0.05,1,20,0.2626227
1e3,1,1,0.05,5,2,0.2802487
1e3,4,4,0.05,5,4,0.2802112
1e3,7,7,0.05,5,6,0.27555229999999997
1e3,12,12,0.05,5,10,0.26893870000000003
1e3,29,29,0.05,5,20,0.2604557
1e3,1,1,0.05,20,2,0.2802487
1e3,1,1,0.05,20,4,0.2802488
1e3,9,9,0.05,20,6,0.275566
1e3,13,13,0.05,20,10,0.2692202
1e3,1,1,0.05,20,20,0.2617331
1e3,1,1,0.05,50,2,0.2802488
1e3,1,1,0.05,50,4,0.2802486
1e3,10,10,0.05,50,6,0.2756645
1e3,7,7,0.05,50,10,0.2700372
1e3,3,3,0.05,50,20,0.2626698
1e3,1,1,0.05,100,2,0.2802485
1e3,1,1,0.05,100,4,0.2802289
1e3,1,1,0.05,100,6,0.2756959
1e3,44,44,0.05,100,10,0.2702378
1e3,9,9,0.05,100,20,0.2646992
1e3,1,1,0.1,1,2,0.2802486
1e3,491,491,0.1,1,4,0.262601
1e3,5,5,0.1,1,6,0.27564469999999996
1e3,95,95,0.1,1,10,0.2620361
1e3,26,26,0.1,1,20,0.2626522
1e3,1,1,0.1,5,2,0.2802486
1e3,26,26,0.1,5,4,0.2757274
1e3,2,2,0.1,5,6,0.27565660000000003
1e3,114,114,0.1,5,10,0.261292
1e3,22,22,0.1,5,20,0.2605757
1e3,1,1,0.1,20,2,0.2802486
1e3,151,151,0.1,20,4,0.2693798
1e3,3,3,0.1,20,6,0.2756725
1e3,79,79,0.1,20,10,0.2633863
1e3,11,11,0.1,20,20,0.2614987
1e3,1,1,0.1,50,2,0.2802486
1e3,1,1,0.1,50,4,0.2801228
1e3,4,4,0.1,50,6,0.2757215
1e3,58,58,0.1,50,10,0.2669509
1e3,1,1,0.1,50,20,0.2626816
1e3,1,1,0.1,100,2,0.2802486
1e3,29,29,0.1,100,4,0.2768749
1e3,1,1,0.1,100,6,0.2757887
1e3,20,20,0.1,100,10,0.2701926
1e3,5,5,0.1,100,20,0.2645516
2500,1,1,0.001,1,2,0.2802486
2500,1,1,0.001,1,4,0.2802525
2500,28,28,0.001,1,6,0.2757964
2500,1,1,0.001,1,10,0.2715055
2500,6,6,0.001,1,20,0.2649334
2500,1,1,0.001,5,2,0.2802486
2500,11,11,0.001,5,4,0.2802487
2500,1,1,0.001,5,6,0.27569
2500,1,1,0.001,5,10,0.2713716
2500,1,1,0.001,5,20,0.2617527
2500,1,1,0.001,20,2,0.2802485
2500,1,1,0.001,20,4,0.2802485
2500,1,1,0.001,20,6,0.2757706
2500,6,6,0.001,20,10,0.2715801
2500,16,16,0.001,20,20,0.2618903
2500,1,1,0.001,50,2,0.2802488
2500,1,1,0.001,50,4,0.2802486
2500,11,11,0.001,50,6,0.2757118
2500,1,1,0.001,50,10,0.2705646
2500,1,1,0.001,50,20,0.26240600000000003
2500,1,1,0.001,100,2,0.2802485
2500,1,1,0.001,100,4,0.2802485
2500,1,1,0.001,100,6,0.2757216
2500,3,3,0.001,100,10,0.2717201
2500,1,1,0.001,100,20,0.2646736
2500,1,1,0.003,1,2,0.2802486
2500,8,8,0.003,1,4,0.2802507
2500,14,14,0.003,1,6,0.2757473
2500,2,2,0.003,1,10,0.2710588
2500,34,34,0.003,1,20,0.2648428
2500,1,1,0.003,5,2,0.2802486
2500,13,13,0.003,5,4,0.2802546
2500,1,1,0.003,5,6,0.2757607
2500,5,5,0.003,5,10,0.2709484
2500,28,28,0.003,5,20,0.261605
2500,1,1,0.003,20,2,0.2802486
2500,1,1,0.003,20,4,0.2802487
2500,2,2,0.003,20,6,0.2757235
2500,1,1,0.003,20,10,0.2711434
2500,25,25,0.003,20,20,0.261857
2500,1,1,0.003,50,2,0.2802486
2500,1,1,0.003,50,4,0.2802486
2500,3,3,0.003,50,6,0.2754224
2500,1,1,0.003,50,10,0.2713895
2500,1,1,0.003,50,20,0.2626856
2500,1,1,0.003,100,2,0.2802486
2500,1,1,0.003,100,4,0.2802488
2500,1,1,0.003,100,6,0.2755129
2500,1,1,0.003,100,10,0.2716648
2500,1,1,0.003,100,20,0.26481910000000003
2500,1,1,0.005,1,2,0.2802486
2500,1,1,0.005,1,4,0.2800596
2500,52,52,0.005,1,6,0.2756271
2500,1,1,0.005,1,10,0.2709445
2500,14,14,0.005,1,20,0.264898
2500,1,1,0.005,5,2,0.2802486
2500,1,1,0.005,5,4,0.2802268
2500,1,1,0.005,5,6,0.2757866
2500,14,14,0.005,5,10,0.2707182
2500,90,90,0.005,5,20,0.2610971
2500,1,1,0.005,20,2,0.2802487
2500,1,1,0.005,20,4,0.2802152
2500,1,1,0.005,20,6,0.2757214
2500,1,1,0.005,20,10,0.2709071
2500,13,13,0.005,20,20,0.2621602
2500,1,1,0.005,50,2,0.2802486
2500,1,1,0.005,50,4,0.2802486
2500,6,6,0.005,50,6,0.27566040000000003
2500,1,1,0.005,50,10,0.271165
2500,2,2,0.005,50,20,0.2626365
2500,1,1,0.005,100,2,0.2802486
2500,1,1,0.005,100,4,0.2802487
2500,7,7,0.005,100,6,0.2757216
2500,1,1,0.005,100,10,0.2718774
2500,1,1,0.005,100,20,0.2645044
2500,1,1,0.01,1,2,0.2802488
2500,3,3,0.01,1,4,0.2802486
2500,16,16,0.01,1,6,0.2756902
2500,1,1,0.01,1,10,0.27154880000000003
2500,98,98,0.01,1,20,0.2631837
2500,1,1,0.01,5,2,0.2802486
2500,8,8,0.01,5,4,0.2802487
2500,37,37,0.01,5,6,0.2756349
2500,1,1,0.01,5,10,0.2712732
2500,39,39,0.01,5,20,0.2611091
2500,1,1,0.01,20,2,0.2802486
2500,1,1,0.01,20,4,0.2801976
2500,32,32,0.01,20,6,0.27565660000000003
2500,2,2,0.01,20,10,0.2714209
2500,11,11,0.01,20,20,0.2618137
2500,1,1,0.01,50,2,0.2802484
2500,1,1,0.01,50,4,0.2800537
2500,1,1,0.01,50,6,0.2757432
2500,1,1,0.01,50,10,0.2709878
2500,3,3,0.01,50,20,0.2626422
2500,1,1,0.01,100,2,0.2802486
2500,1,1,0.01,100,4,0.2802486
2500,4,4,0.01,100,6,0.2757353
2500,1,1,0.01,100,10,0.2724641
2500,15,15,0.01,100,20,0.2646599
2500,1,1,0.03,1,2,0.2802486
2500,1,1,0.03,1,4,0.2799887
2500,11,11,0.03,1,6,0.2755976
2500,20,20,0.03,1,10,0.26913180000000003
2500,75,75,0.03,1,20,0.2624573
2500,1,1,0.03,5,2,0.2802485
2500,7,7,0.03,5,4,0.2802487
2500,16,16,0.03,5,6,0.27554829999999997
2500,20,20,0.03,5,10,0.2690805
2500,53,53,0.03,5,20,0.2605205
2500,1,1,0.03,20,2,0.2802488
2500,1,1,0.03,20,4,0.2802487
2500,15,15,0.03,20,6,0.275631
2500,22,22,0.03,20,10,0.2693365
2500,36,36,0.03,20,20,0.2615972
2500,1,1,0.03,50,2,0.2802486
2500,1,1,0.03,50,4,0.2802488
2500,14,14,0.03,50,6,0.2756251
2500,20,20,0.03,50,10,0.2703876
2500,1,1,0.03,50,20,0.2626344
2500,1,1,0.03,100,2,0.2802486
2500,1,1,0.03,100,4,0.2802487
2500,3,3,0.03,100,6,0.2757865
2500,71,71,0.03,100,10,0.2703068
2500,15,15,0.03,100,20,0.2645615
2500,1,1,0.05,1,2,0.2802487
2500,5,5,0.05,1,4,0.2802487
2500,9,9,0.05,1,6,0.27557180000000003
2500,12,12,0.05,1,10,0.2691967
2500,62,62,0.05,1,20,0.2623314
2500,1,1,0.05,5,2,0.2802487
2500,7,7,0.05,5,4,0.2802486
2500,11,11,0.05,5,6,0.2756525
2500,12,12,0.05,5,10,0.26921839999999997
2500,30,30,0.05,5,20,0.2604832
2500,1,1,0.05,20,2,0.2802486
2500,1,1,0.05,20,4,0.280225
2500,9,9,0.05,20,6,0.275641
2500,14,14,0.05,20,10,0.2692675
2500,24,24,0.05,20,20,0.2615439
2500,1,1,0.05,50,2,0.2802486
2500,1,1,0.05,50,4,0.2802487
2500,1,1,0.05,50,6,0.275377
2500,10,10,0.05,50,10,0.2702655
2500,1,1,0.05,50,20,0.262469
2500,1,1,0.05,100,2,0.2802486
2500,1,1,0.05,100,4,0.2802487
2500,1,1,0.05,100,6,0.2756802
2500,43,43,0.05,100,10,0.2702399
2500,7,7,0.05,100,20,0.2644729
2500,1,1,0.1,1,2,0.2802486
2500,419,419,0.1,1,4,0.2628235
2500,3,3,0.1,1,6,0.275637
2500,105,105,0.1,1,10,0.2619693
2500,37,37,0.1,1,20,0.2627565
2500,1,1,0.1,5,2,0.2802488
2500,324,324,0.1,5,4,0.2642228
2500,2,2,0.1,5,6,0.2756527
2500,125,125,0.1,5,10,0.26119570000000003
2500,23,23,0.1,5,20,0.2606132
2500,1,1,0.1,20,2,0.2802487
2500,152,152,0.1,20,4,0.2685669
2500,2,2,0.1,20,6,0.2756153
2500,95,95,0.1,20,10,0.26359499999999997
2500,11,11,0.1,20,20,0.261611
2500,1,1,0.1,50,2,0.2802486
2500,1,1,0.1,50,4,0.2802487
2500,3,3,0.1,50,6,0.275641
2500,5,5,0.1,50,10,0.2703599
2500,1,1,0.1,50,20,0.26272090000000003
2500,1,1,0.1,100,2,0.2802485
2500,37,37,0.1,100,4,0.2768652
2500,1,1,0.1,100,6,0.2758338
2500,21,21,0.1,100,10,0.27023389999999997
2500,3,3,0.1,100,20,0.2644454
5e3,1,1,0.001,1,2,0.2802487
5e3,11,11,0.001,1,4,0.2802132
5e3,1,1,0.001,1,6,0.2757491
5e3,2,2,0.001,1,10,0.2711946
5e3,1,1,0.001,1,20,0.2652287
5e3,1,1,0.001,5,2,0.2802487
5e3,1,1,0.001,5,4,0.2800715
5e3,28,28,0.001,5,6,0.275751
5e3,5,5,0.001,5,10,0.2708224
5e3,35,35,0.001,5,20,0.2617349
5e3,1,1,0.001,20,2,0.2802486
5e3,1,1,0.001,20,4,0.2802487
5e3,13,13,0.001,20,6,0.275747
5e3,1,1,0.001,20,10,0.2709091
5e3,2,2,0.001,20,20,0.2619749
5e3,1,1,0.001,50,2,0.2802485
5e3,1,1,0.001,50,4,0.2802487
5e3,1,1,0.001,50,6,0.2757491
5e3,1,1,0.001,50,10,0.27113750000000003
5e3,1,1,0.001,50,20,0.2628411
5e3,1,1,0.001,100,2,0.2802485
5e3,1,1,0.001,100,4,0.2802486
5e3,1,1,0.001,100,6,0.275751
5e3,1,1,0.001,100,10,0.2714701
5e3,3,3,0.001,100,20,0.2645379
5e3,1,1,0.003,1,2,0.2802486
5e3,1,1,0.003,1,4,0.2799652
5e3,8,8,0.003,1,6,0.2757097
5e3,1,1,0.003,1,10,0.2714622
5e3,4,4,0.003,1,20,0.264652
5e3,1,1,0.003,5,2,0.2802486
5e3,1,1,0.003,5,4,0.2802565
5e3,1,1,0.003,5,6,0.2757631
5e3,2,2,0.003,5,10,0.2710233
5e3,40,40,0.003,5,20,0.2619927
5e3,1,1,0.003,20,2,0.2802486
5e3,1,1,0.003,20,4,0.2802487
5e3,1,1,0.003,20,6,0.2756743
5e3,1,1,0.003,20,10,0.2712419
5e3,1,1,0.003,20,20,0.26219749999999997
5e3,1,1,0.003,50,2,0.2802486
5e3,1,1,0.003,50,4,0.2802487
5e3,1,1,0.003,50,6,0.2757433
5e3,1,1,0.003,50,10,0.2714387
5e3,30,30,0.003,50,20,0.2627802
5e3,1,1,0.003,100,2,0.2802485
5e3,1,1,0.003,100,4,0.2802485
5e3,1,1,0.003,100,6,0.2757196
5e3,1,1,0.003,100,10,0.2715685
5e3,16,16,0.003,100,20,0.2647388
5e3,1,1,0.005,1,2,0.2802486
5e3,6,6,0.005,1,4,0.2802467
5e3,2,2,0.005,1,6,0.27575310000000003
5e3,1,1,0.005,1,10,0.2720783
5e3,156,156,0.005,1,20,0.2632525
5e3,1,1,0.005,5,2,0.2802487
5e3,2,2,0.005,5,4,0.2802486
5e3,2,2,0.005,5,6,0.27535149999999997
5e3,9,9,0.005,5,10,0.271163
5e3,99,99,0.005,5,20,0.2608707
5e3,1,1,0.005,20,2,0.2802486
5e3,1,1,0.005,20,4,0.2802485
5e3,1,1,0.005,20,6,0.27555229999999997
5e3,1,1,0.005,20,10,0.2711589
5e3,1,1,0.005,20,20,0.262223
5e3,1,1,0.005,50,2,0.2802486
5e3,1,1,0.005,50,4,0.2802171
5e3,8,8,0.005,50,6,0.275753
5e3,8,8,0.005,50,10,0.27103120000000003
5e3,6,6,0.005,50,20,0.2627742
5e3,1,1,0.005,100,2,0.2802486
5e3,1,1,0.005,100,4,0.2802488
5e3,2,2,0.005,100,6,0.2757531
5e3,1,1,0.005,100,10,0.2724009
5e3,3,3,0.005,100,20,0.2647621
5e3,1,1,0.01,1,2,0.2802488
5e3,4,4,0.01,1,4,0.2802486
5e3,19,19,0.01,1,6,0.2756724
5e3,1,1,0.01,1,10,0.2718185
5e3,138,138,0.01,1,20,0.2626324
5e3,1,1,0.01,5,2,0.2802487
5e3,14,14,0.01,5,4,0.2802487
5e3,12,12,0.01,5,6,0.2756644
5e3,17,17,0.01,5,10,0.2699289
5e3,38,38,0.01,5,20,0.261237
5e3,1,1,0.01,20,2,0.2802485
5e3,1,1,0.01,20,4,0.2802487
5e3,25,25,0.01,20,6,0.2756506
5e3,1,1,0.01,20,10,0.2711256
5e3,3,3,0.01,20,20,0.2620518
5e3,1,1,0.01,50,2,0.2802488
5e3,1,1,0.01,50,4,0.2802486
5e3,1,1,0.01,50,6,0.2757058
5e3,1,1,0.01,50,10,0.2718185
5e3,1,1,0.01,50,20,0.2628607
5e3,1,1,0.01,100,2,0.2802486
5e3,1,1,0.01,100,4,0.2802486
5e3,1,1,0.01,100,6,0.2757175
5e3,1,1,0.01,100,10,0.2717102
5e3,34,34,0.01,100,20,0.2645221
5e3,1,1,0.03,1,2,0.2802487
5e3,6,6,0.03,1,4,0.2802485
5e3,14,14,0.03,1,6,0.2753672
5e3,21,21,0.03,1,10,0.2692163
5e3,66,66,0.03,1,20,0.2624494
5e3,1,1,0.03,5,2,0.2802485
5e3,1,1,0.03,5,4,0.2802308
5e3,15,15,0.03,5,6,0.27545189999999997
5e3,22,22,0.03,5,10,0.2687873
5e3,16,16,0.03,5,20,0.2609179
5e3,1,1,0.03,20,2,0.2802486
5e3,1,1,0.03,20,4,0.2802486
5e3,12,12,0.03,20,6,0.2756291
5e3,21,21,0.03,20,10,0.2692714
5e3,33,33,0.03,20,20,0.2615578
5e3,1,1,0.03,50,2,0.2802486
5e3,1,1,0.03,50,4,0.28017580000000003
5e3,15,15,0.03,50,6,0.27565069999999997
5e3,20,20,0.03,50,10,0.2702025
5e3,3,3,0.03,50,20,0.2627406
5e3,1,1,0.03,100,2,0.2802485
5e3,1,1,0.03,100,4,0.2802485
5e3,1,1,0.03,100,6,0.2758162
5e3,1,1,0.03,100,10,0.2720252
5e3,1,1,0.03,100,20,0.2645398
5e3,1,1,0.05,1,2,0.2802486
5e3,7,7,0.05,1,4,0.2802489
5e3,9,9,0.05,1,6,0.2755287
5e3,12,12,0.05,1,10,0.2691929
5e3,51,51,0.05,1,20,0.2624514
5e3,1,1,0.05,5,2,0.2802488
5e3,4,4,0.05,5,4,0.2802486
5e3,8,8,0.05,5,6,0.2755838
5e3,13,13,0.05,5,10,0.2693699
5e3,33,33,0.05,5,20,0.26058749999999997
5e3,1,1,0.05,20,2,0.2802485
5e3,1,1,0.05,20,4,0.2802486
5e3,9,9,0.05,20,6,0.2755779
5e3,12,12,0.05,20,10,0.26952929999999997
5e3,15,15,0.05,20,20,0.2616109
5e3,1,1,0.05,50,2,0.28024859999999996
5e3,1,1,0.05,50,4,0.28017400000000003
5e3,9,9,0.05,50,6,0.2756233
5e3,10,10,0.05,50,10,0.270167
5e3,1,1,0.05,50,20,0.2626148
5e3,1,1,0.05,100,2,0.2802487
5e3,1,1,0.05,100,4,0.2802486
5e3,1,1,0.05,100,6,0.2758022
5e3,6,6,0.05,100,10,0.2716552
5e3,8,8,0.05,100,20,0.2645712
5e3,1,1,0.1,1,2,0.2802486
5e3,1,1,0.1,1,4,0.2800893
5e3,3,3,0.1,1,6,0.2756093
5e3,145,145,0.1,1,10,0.2616502
5e3,26,26,0.1,1,20,0.2624966
5e3,1,1,0.1,5,2,0.2802487
5e3,2,2,0.1,5,4,0.280211
5e3,3,3,0.1,5,6,0.2756607
5e3,120,120,0.1,5,10,0.2615321
5e3,14,14,0.1,5,20,0.2605187
5e3,1,1,0.1,20,2,0.2802485
5e3,139,139,0.1,20,4,0.2685649
5e3,2,2,0.1,20,6,0.2756408
5e3,72,72,0.1,20,10,0.2639631
5e3,7,7,0.1,20,20,0.2616423
5e3,1,1,0.1,50,2,0.2802488
5e3,95,95,0.1,50,4,0.2714071
5e3,3,3,0.1,50,6,0.275696
5e3,53,53,0.1,50,10,0.2671025
5e3,1,1,0.1,50,20,0.2628924
5e3,1,1,0.1,100,2,0.2802486
5e3,45,45,0.1,100,4,0.2768789
5e3,1,1,0.1,100,6,0.2758672
5e3,22,22,0.1,100,10,0.2703362
5e3,4,4,0.1,100,20,0.2645219
1e4,1,1,0.001,1,2,0.2802486
1e4,1,1,0.001,1,4,0.2802526
1e4,1,1,0.001,1,6,0.2757827
1e4,1,1,0.001,1,10,0.2716826
1e4,25,25,0.001,1,20,0.2648703
1e4,1,1,0.001,5,2,0.2802486
1e4,1,1,0.001,5,4,0.2800752
1e4,1,1,0.001,5,6,0.2757668
1e4,1,1,0.001,5,10,0.2710667
1e4,175,175,0.001,5,20,0.2615675
1e4,1,1,0.001,20,2,0.2802486
1e4,1,1,0.001,20,4,0.2802486
1e4,1,1,0.001,20,6,0.2757472
1e4,1,1,0.001,20,10,0.271293
1e4,14,14,0.001,20,20,0.2619513
1e4,1,1,0.001,50,2,0.2802486
1e4,1,1,0.001,50,4,0.2802485
1e4,4,4,0.001,50,6,0.275702
1e4,1,1,0.001,50,10,0.2715507
1e4,1,1,0.001,50,20,0.2627525
1e4,1,1,0.001,100,2,0.2802486
1e4,1,1,0.001,100,4,0.2802486
1e4,1,1,0.001,100,6,0.2758082
1e4,1,1,0.001,100,10,0.2715014
1e4,1,1,0.001,100,20,0.2646283
1e4,1,1,0.003,1,2,0.2802485
1e4,11,11,0.003,1,4,0.2802485
1e4,19,19,0.003,1,6,0.2757038
1e4,1,1,0.003,1,10,0.2712634
1e4,130,130,0.003,1,20,0.2643252
1e4,1,1,0.003,5,2,0.2802487
1e4,8,8,0.003,5,4,0.2802487
1e4,1,1,0.003,5,6,0.2757098
1e4,7,7,0.003,5,10,0.2707516
1e4,100,100,0.003,5,20,0.2612723
1e4,1,1,0.003,20,2,0.2802486
1e4,1,1,0.003,20,4,0.2802033
1e4,41,41,0.003,20,6,0.2756703
1e4,1,1,0.003,20,10,0.2713382
1e4,8,8,0.003,20,20,0.262107
1e4,1,1,0.003,50,2,0.2802486
1e4,1,1,0.003,50,4,0.2802486
1e4,1,1,0.003,50,6,0.2753044
1e4,1,1,0.003,50,10,0.2713873
1e4,6,6,0.003,50,20,0.2629021
1e4,1,1,0.003,100,2,0.2802487
1e4,1,1,0.003,100,4,0.2802486
1e4,27,27,0.003,100,6,0.2757217
1e4,9,9,0.003,100,10,0.2718519
1e4,7,7,0.003,100,20,0.2647582
1e4,1,1,0.005,1,2,0.2802485
1e4,9,9,0.005,1,4,0.2802506
1e4,60,60,0.005,1,6,0.2756173
1e4,2,2,0.005,1,10,0.2713402
1e4,169,169,0.005,1,20,0.2633312
1e4,1,1,0.005,5,2,0.2802485
1e4,1,1,0.005,5,4,0.280221
1e4,36,36,0.005,5,6,0.2756351
1e4,1,1,0.005,5,10,0.2712713
1e4,27,27,0.005,5,20,0.2615381
1e4,1,1,0.005,20,2,0.2802485
1e4,1,1,0.005,20,4,0.2802211
1e4,7,7,0.005,20,6,0.2750208
1e4,1,1,0.005,20,10,0.2707458
1e4,2,2,0.005,20,20,0.26157759999999997
1e4,1,1,0.005,50,2,0.2802487
1e4,1,1,0.005,50,4,0.2802486
1e4,3,3,0.005,50,6,0.2757294
1e4,5,5,0.005,50,10,0.2715053
1e4,4,4,0.005,50,20,0.2628371
1e4,1,1,0.005,100,2,0.2802487
1e4,1,1,0.005,100,4,0.28008320000000003
1e4,11,11,0.005,100,6,0.2757296
1e4,1,1,0.005,100,10,0.2718734
1e4,3,3,0.005,100,20,0.264636
1e4,1,1,0.01,1,2,0.2802487
1e4,4,4,0.01,1,4,0.2802487
1e4,23,23,0.01,1,6,0.2756605
1e4,59,59,0.01,1,10,0.2691456
1e4,184,184,0.01,1,20,0.2622604
1e4,1,1,0.01,5,2,0.2802485
1e4,4,4,0.01,5,4,0.2802487
1e4,18,18,0.01,5,6,0.2754066
1e4,21,21,0.01,5,10,0.2699703
1e4,18,18,0.01,5,20,0.2614378
1e4,1,1,0.01,20,2,0.2802487
1e4,1,1,0.01,20,4,0.2801896
1e4,34,34,0.01,20,6,0.2756368
1e4,1,1,0.01,20,10,0.2713933
1e4,13,13,0.01,20,20,0.261973
1e4,1,1,0.01,50,2,0.2802486
1e4,1,1,0.01,50,4,0.2802487
1e4,1,1,0.01,50,6,0.2757098
1e4,1,1,0.01,50,10,0.2718364
1e4,1,1,0.01,50,20,0.2630181
1e4,1,1,0.01,100,2,0.2802486
1e4,1,1,0.01,100,4,0.2802487
1e4,1,1,0.01,100,6,0.2757294
1e4,1,1,0.01,100,10,0.2721825
1e4,7,7,0.01,100,20,0.2647186
1e4,1,1,0.03,1,2,0.2802487
1e4,4,4,0.03,1,4,0.2802487
1e4,15,15,0.03,1,6,0.2756192
1e4,21,21,0.03,1,10,0.2691751
1e4,91,91,0.03,1,20,0.2623588
1e4,1,1,0.03,5,2,0.2802486
1e4,2,2,0.03,5,4,0.2802487
1e4,2,2,0.03,5,6,0.2756447
1e4,23,23,0.03,5,10,0.2692027
1e4,67,67,0.03,5,20,0.260426
1e4,1,1,0.03,20,2,0.2802485
1e4,1,1,0.03,20,4,0.2802487
1e4,16,16,0.03,20,6,0.2755701
1e4,22,22,0.03,20,10,0.2693877
1e4,30,30,0.03,20,20,0.2615046
1e4,1,1,0.03,50,2,0.2802485
1e4,1,1,0.03,50,4,0.2802487
1e4,15,15,0.03,50,6,0.2756309
1e4,19,19,0.03,50,10,0.2699957
1e4,1,1,0.03,50,20,0.2624908
1e4,1,1,0.03,100,2,0.2802488
1e4,1,1,0.03,100,4,0.2802486
1e4,1,1,0.03,100,6,0.2757197
1e4,2,2,0.03,100,10,0.27149
1e4,9,9,0.03,100,20,0.26450029999999997
1e4,1,1,0.05,1,2,0.2802486
1e4,3,3,0.05,1,4,0.2802486
1e4,7,7,0.05,1,6,0.2756486
1e4,172,172,0.05,1,10,0.2621324
1e4,71,71,0.05,1,20,0.2624043
1e4,1,1,0.05,5,2,0.2802485
1e4,1,1,0.05,5,4,0.2802014
1e4,13,13,0.05,5,6,0.2756034
1e4,14,14,0.05,5,10,0.2693562
1e4,25,25,0.05,5,20,0.2604398
1e4,1,1,0.05,20,2,0.28024879999999996
1e4,1,1,0.05,20,4,0.2802486
1e4,10,10,0.05,20,6,0.275578
1e4,13,13,0.05,20,10,0.2692891
1e4,18,18,0.05,20,20,0.2615874
1e4,1,1,0.05,50,2,0.2802486
1e4,1,1,0.05,50,4,0.2802487
1e4,11,11,0.05,50,6,0.2756783
1e4,11,11,0.05,50,10,0.2702675
1e4,1,1,0.05,50,20,0.2628155
1e4,1,1,0.05,100,2,0.2802486
1e4,1,1,0.05,100,4,0.2799673
1e4,1,1,0.05,100,6,0.2756745
1e4,40,40,0.05,100,10,0.27012959999999997
1e4,3,3,0.05,100,20,0.2646815
1e4,1,1,0.1,1,2,0.2802486
1e4,2,2,0.1,1,4,0.2802485
1e4,4,4,0.1,1,6,0.2756074
1e4,149,149,0.1,1,10,0.2614849
1e4,30,30,0.1,1,20,0.2625813
1e4,1,1,0.1,5,2,0.2802486
1e4,325,325,0.1,5,4,0.26449239999999996
1e4,1,1,0.1,5,6,0.2757275
1e4,147,147,0.1,5,10,0.2610815
1e4,16,16,0.1,5,20,0.2604299
1e4,1,1,0.1,20,2,0.2802486
1e4,1,1,0.1,20,4,0.2802488
1e4,3,3,0.1,20,6,0.27565850000000003
1e4,75,75,0.1,20,10,0.26370709999999997
1e4,11,11,0.1,20,20,0.26162070000000004
1e4,1,1,0.1,50,2,0.2802485
1e4,25,25,0.1,50,4,0.2763986
1e4,1,1,0.1,50,6,0.2756743
1e4,55,55,0.1,50,10,0.2666713
1e4,1,1,0.1,50,20,0.2625577
1e4,1,1,0.1,100,2,0.2802487
1e4,42,42,0.1,100,4,0.2769044
1e4,1,1,0.1,100,6,0.2757294
1e4,24,24,0.1,100,10,0.2698582
1e4,4,4,0.1,100,20,0.26460670000000003
